CustomerID,Cluster
12346,3
12347,6
12348,6
12349,6
12351,6
12352,6
12353,6
12355,19
12356,6
12357,6
12358,6
12359,6
12360,6
12361,17
12362,1
12366,23
12368,14
12369,6
12370,14
12371,6
12373,14
12374,6
12376,6
12377,6
12378,19
12379,6
12380,17
12385,6
12386,6
12387,6
12388,17
12389,6
12391,17
12392,26
12393,6
12395,6
12396,0
12399,6
12400,6
12402,6
12403,3
12404,0
12406,6
12408,6
12409,6
12410,4
12411,6
12412,6
12413,6
12414,17
12415,22
12416,23
12417,6
12418,6
12419,6
12421,6
12422,6
12423,6
12424,6
12425,17
12426,0
12427,6
12429,6
12431,6
12433,8
12434,6
12435,6
12437,6
12439,0
12440,17
12441,6
12443,1
12445,6
12449,6
12450,6
12451,17
12454,6
12455,17
12457,6
12458,6
12459,14
12460,17
12466,0
12467,6
12468,3
12469,3
12470,0
12471,8
12472,8
12474,6
12475,6
12476,6
12477,6
12480,6
12481,8
12482,19
12483,6
12484,4
12485,3
12486,6
12487,1
12490,6
12492,6
12494,6
12495,23
12496,14
12497,6
12499,19
12500,6
12503,26
12504,6
12505,6
12507,26
12510,17
12511,6
12514,23
12516,6
12519,11
12523,6
12524,6
12525,4
12527,4
12529,3
12530,6
12531,0
12533,14
12537,6
12538,6
12539,17
12540,8
12542,4
12543,17
12547,4
12549,26
12553,6
12554,17
12555,0
12557,6
12562,6
12563,6
12567,8
12568,23
12570,0
12573,6
12575,17
12576,6
12577,6
12578,6
12580,26
12582,6
12583,8
12586,6
12588,6
12589,6
12591,6
12592,3
12594,6
12595,4
12598,17
12599,6
12600,6
12601,6
12605,6
12606,0
12608,6
12609,6
12613,6
12615,6
12616,6
12619,19
12621,8
12623,6
12625,4
12629,6
12631,17
12632,3
12633,6
12634,25
12635,6
12636,1
12637,6
12638,23
12639,6
12643,6
12644,6
12645,6
12647,8
12648,6
12649,6
12651,6
12652,6
12653,3
12655,6
12656,6
12661,6
12662,6
12663,14
12664,3
12665,6
12666,6
12668,8
12670,6
12671,14
12672,26
12673,6
12675,25
12676,6
12677,19
12678,22
12681,8
12682,8
12683,8
12686,6
12687,11
12691,6
12692,23
12693,6
12694,6
12695,3
12696,6
12698,26
12699,6
12701,3
12703,23
12705,6
12708,8
12709,8
12711,14
12712,8
12714,6
12717,26
12720,6
12721,6
12724,6
12725,6
12726,6
12727,17
12728,6
12730,3
12731,6
12733,6
12734,6
12737,4
12738,6
12739,6
12741,3
12742,14
12744,17
12745,4
12746,25
12747,8
12748,31
12749,6
12751,17
12755,22
12758,17
12759,6
12760,17
12761,17
12763,6
12765,17
12766,6
12767,6
12768,17
12770,17
12771,4
12773,19
12774,25
12775,6
12776,0
12777,17
12778,6
12779,6
12780,26
12782,6
12784,3
12785,25
12786,14
12787,6
12788,17
12789,4
12790,6
12791,6
12792,25
12793,6
12796,14
12797,6
12798,6
12799,3
12800,17
12801,4
12802,6
12803,6
12804,17
12805,6
12806,6
12807,6
12808,6
12809,19
12810,25
12811,6
12813,4
12817,6
12819,17
12820,6
12821,14
12823,6
12825,3
12826,6
12829,19
12831,17
12835,6
12836,6
12837,19
12838,8
12839,8
12840,6
12841,8
12842,6
12843,6
12844,17
12846,0
12847,6
12848,0
12849,6
12850,17
12851,11
12853,6
12854,19
12855,6
12857,6
12858,6
12859,17
12860,0
12861,14
12862,6
12863,6
12864,4
12865,6
12866,17
12867,6
12868,6
12869,0
12870,6
12871,6
12872,8
12873,6
12874,6
12875,17
12876,6
12877,6
12880,6
12887,6
12889,6
12890,6
12891,17
12892,6
12894,26
12897,6
12898,17
12899,6
12900,6
12903,6
12905,26
12907,6
12908,6
12909,6
12910,6
12911,25
12913,6
12914,6
12915,6
12916,17
12917,6
12918,24
12920,19
12921,8
12923,6
12924,6
12925,26
12926,6
12927,6
12928,6
12931,22
12932,25
12933,6
12934,1
12935,6
12937,17
12939,22
12941,1
12942,6
12943,19
12945,23
12946,6
12947,6
12948,1
12949,8
12951,6
12953,3
12954,23
12956,0
12957,25
12958,6
12959,4
12960,6
12961,6
12963,6
12964,6
12967,6
12969,14
12970,6
12971,8
12972,6
12973,6
12974,19
12975,6
12976,6
12977,4
12978,6
12979,1
12980,6
12982,6
12983,26
12986,6
12987,6
12989,6
12990,6
12991,6
12992,1
12993,17
12996,6
12997,6
12998,4
13000,1
13001,8
13002,6
13004,8
13005,6
13007,26
13008,6
13009,0
13010,6
13011,6
13012,6
13013,8
13014,6
13015,6
13018,6
13019,6
13020,19
13021,6
13022,6
13023,3
13024,17
13025,1
13026,4
13027,6
13029,6
13030,6
13031,6
13032,6
13033,6
13034,6
13035,6
13036,0
13037,6
13039,26
13041,17
13042,14
13044,4
13045,6
13046,17
13047,8
13048,6
13049,6
13050,8
13051,26
13052,6
13053,14
13055,6
13056,19
13057,25
13059,6
13063,11
13064,19
13065,6
13067,6
13069,8
13070,17
13071,14
13073,6
13074,4
13076,17
13077,8
13078,8
13079,6
13080,6
13081,8
13082,6
13083,6
13084,4
13085,0
13086,6
13087,1
13088,6
13089,32
13090,8
13091,1
13092,6
13093,29
13094,6
13096,6
13097,8
13101,4
13102,8
13103,6
13104,6
13105,6
13106,6
13107,6
13108,6
13109,19
13110,6
13111,1
13112,25
13113,8
13114,1
13115,6
13117,6
13118,6
13119,0
13123,17
13124,6
13125,3
13126,6
13128,23
13129,17
13131,6
13133,17
13134,6
13135,4
13136,6
13137,8
13138,6
13139,6
13140,6
13141,6
13143,26
13144,6
13145,6
13148,8
13150,4
13151,14
13152,6
13154,6
13155,6
13156,6
13157,6
13158,6
13161,4
13162,6
13163,14
13164,19
13165,6
13166,6
13167,6
13168,25
13169,19
13172,6
13173,8
13174,8
13175,26
13177,6
13178,6
13179,14
13180,14
13181,6
13183,6
13187,14
13190,25
13191,23
13192,25
13194,6
13195,6
13196,17
13197,14
13198,6
13199,22
13201,4
13202,6
13203,6
13204,1
13205,17
13206,8
13207,17
13208,17
13209,3
13211,6
13213,6
13214,6
13215,6
13217,23
13219,14
13220,26
13222,26
13223,6
13225,6
13226,6
13230,8
13233,6
13234,0
13237,6
13238,6
13239,6
13240,6
13241,6
13242,17
13243,17
13245,6
13246,6
13249,6
13250,17
13251,6
13252,6
13253,6
13254,6
13255,6
13257,6
13258,6
13259,6
13262,6
13263,6
13264,17
13266,6
13267,8
13269,8
13270,6
13274,6
13275,6
13276,6
13277,6
13278,6
13280,6
13281,6
13282,6
13283,19
13285,26
13286,26
13287,14
13288,17
13289,1
13290,6
13291,6
13292,6
13293,6
13294,23
13295,6
13296,6
13297,6
13299,6
13300,6
13302,3
13303,6
13304,17
13305,6
13306,6
13307,4
13308,26
13309,6
13310,6
13312,17
13313,12
13315,0
13316,6
13317,6
13319,8
13320,6
13324,6
13326,6
13327,8
13329,6
13330,17
13331,6
13333,6
13334,25
13337,25
13338,25
13340,6
13346,17
13357,4
13359,6
13360,6
13361,17
13362,6
13363,6
13367,6
13368,6
13369,6
13370,6
13371,4
13373,6
13374,6
13375,17
13377,6
13380,6
13381,6
13382,6
13383,25
13384,6
13386,6
13387,6
13388,14
13392,0
13393,26
13394,6
13395,6
13397,6
13398,17
13399,17
13400,26
13402,6
13403,6
13405,11
13406,6
13407,26
13408,8
13410,6
13412,14
13413,23
13414,17
13415,17
13416,1
13417,25
13418,8
13421,6
13423,6
13424,17
13425,4
13426,6
13427,11
13428,3
13431,6
13432,19
13433,4
13434,6
13435,6
13438,19
13439,6
13440,6
13441,6
13442,0
13443,17
13444,6
13445,14
13446,6
13448,8
13450,6
13451,8
13452,17
13453,6
13454,23
13455,6
13457,0
13458,6
13459,14
13461,6
13462,6
13464,6
13465,17
13466,6
13468,8
13469,23
13472,17
13473,19
13474,17
13476,6
13477,17
13478,17
13479,17
13480,6
13481,6
13482,14
13484,6
13485,6
13487,4
13488,8
13490,23
13491,8
13495,6
13497,6
13498,1
13500,6
13501,4
13502,6
13503,12
13506,6
13508,23
13509,4
13510,6
13511,0
13512,6
13513,17
13514,6
13515,17
13516,6
13519,17
13520,6
13523,6
13526,1
13527,6
13530,23
13531,6
13534,6
13535,6
13537,6
13538,6
13539,6
13540,17
13541,6
13542,8
13543,23
13544,6
13545,6
13546,6
13547,6
13548,17
13549,6
13550,6
13551,0
13552,6
13553,0
13554,6
13555,8
13556,6
13557,6
13559,4
13561,6
13562,6
13564,8
13565,6
13566,6
13567,6
13569,6
13571,8
13573,6
13574,6
13576,6
13577,6
13578,6
13579,6
13580,6
13581,6
13582,6
13583,0
13584,4
13585,25
13586,25
13587,17
13589,17
13590,8
13591,6
13593,6
13594,4
13595,3
13597,6
13598,4
13599,8
13600,23
13601,6
13602,6
13604,23
13605,6
13607,6
13608,25
13609,26
13610,6
13611,6
13612,23
13613,17
13614,6
13615,6
13616,19
13617,6
13619,25
13620,3
13622,0
13623,6
13624,6
13625,26
13626,6
13627,4
13628,0
13629,6
13632,6
13634,8
13635,17
13639,6
13640,14
13641,23
13642,6
13643,6
13646,6
13647,4
13648,6
13649,6
13650,6
13651,6
13652,6
13653,4
13654,6
13655,6
13656,4
13658,6
13659,6
13660,6
13661,14
13662,6
13663,6
13665,6
13666,6
13668,6
13669,6
13671,6
13672,1
13674,6
13676,25
13677,6
13679,4
13680,12
13683,17
13684,6
13686,6
13687,27
13688,23
13689,17
13691,6
13692,6
13693,6
13694,15
13695,26
13696,6
13698,26
13699,19
13700,6
13701,17
13702,17
13703,6
13705,6
13706,14
13707,6
13709,17
13710,6
13711,6
13712,14
13713,6
13714,17
13715,8
13717,17
13719,6
13721,6
13722,6
13723,6
13724,23
13727,14
13728,6
13729,6
13733,6
13734,4
13735,8
13736,6
13738,6
13739,3
13740,6
13745,25
13746,6
13747,6
13748,6
13750,6
13752,3
13753,26
13754,6
13756,8
13757,0
13758,8
13760,6
13761,4
13762,26
13763,6
13764,19
13765,23
13766,4
13767,8
13768,1
13769,8
13770,6
13771,25
13772,6
13773,6
13775,26
13776,6
13777,29
13778,4
13779,3
13780,6
13781,26
13782,17
13783,4
13784,6
13785,6
13786,6
13787,17
13788,4
13789,6
13792,6
13793,23
13794,19
13795,6
13796,4
13797,6
13798,29
13799,17
13800,6
13802,8
13803,6
13804,6
13807,6
13809,6
13813,3
13814,3
13815,6
13818,6
13819,0
13820,6
13821,6
13823,6
13824,6
13825,14
13829,6
13830,26
13831,6
13832,6
13833,6
13834,26
13835,3
13836,6
13838,8
13839,4
13840,6
13842,8
13843,6
13846,6
13847,1
13848,6
13849,6
13851,6
13852,14
13854,6
13855,4
13856,17
13857,6
13859,3
13861,6
13862,6
13863,17
13864,6
13869,8
13870,6
13871,6
13872,3
13873,6
13874,4
13875,6
13877,17
13878,25
13879,23
13880,6
13881,22
13883,6
13884,6
13888,6
13889,6
13890,6
13891,6
13892,11
13895,3
13896,14
13897,6
13898,6
13900,6
13901,6
13902,24
13903,6
13905,1
13906,6
13907,0
13909,6
13911,6
13912,6
13913,4
13915,6
13916,17
13919,6
13920,6
13921,6
13922,6
13927,6
13929,6
13931,6
13935,26
13936,6
13937,6
13939,6
13941,6
13942,25
13943,26
13944,23
13945,6
13946,6
13948,6
13952,8
13953,6
13955,6
13957,6
13958,6
13959,6
13961,6
13962,6
13963,8
13964,6
13965,11
13966,6
13967,6
13968,6
13969,8
13970,6
13971,6
13974,26
13975,6
13976,4
13977,6
13979,6
13980,6
13981,6
13982,8
13983,8
13984,6
13985,6
13987,6
13988,6
13989,17
13992,6
13993,6
13995,6
13996,6
13997,3
13998,17
13999,8
14000,6
14001,6
14003,1
14004,6
14006,3
14007,4
14008,6
14009,17
14010,19
14011,11
14013,6
14014,6
14016,6
14017,19
14018,23
14020,11
14021,6
14022,4
14024,6
14025,17
14026,17
14028,19
14030,8
14031,8
14032,6
14033,19
14035,6
14037,17
14038,6
14039,26
14040,8
14042,1
14043,4
14044,6
14045,22
14047,6
14048,6
14049,8
14051,8
14052,6
14053,6
14055,26
14057,6
14058,17
14060,6
14061,4
14062,8
14063,27
14064,6
14065,6
14068,14
14069,3
14070,0
14072,0
14074,14
14075,6
14077,6
14078,6
14079,0
14080,6
14081,8
14082,6
14083,6
14084,4
14085,8
14086,17
14087,6
14088,6
14091,0
14092,6
14094,6
14095,1
14097,11
14099,8
14101,6
14104,6
14105,6
14106,1
14107,17
14108,1
14110,6
14112,17
14113,6
14114,6
14115,4
14118,6
14119,6
14122,6
14123,1
14126,17
14127,6
14128,19
14129,6
14130,6
14131,23
14133,1
14134,6
14135,6
14136,6
14137,0
14139,4
14142,6
14144,4
14145,17
14146,6
14147,6
14148,6
14151,0
14152,6
14153,11
14154,6
14156,34
14157,6
14159,8
14160,14
14161,8
14163,17
14166,4
14167,17
14168,6
14169,6
14170,6
14171,1
14172,14
14173,23
14175,6
14176,6
14177,6
14180,6
14181,6
14182,17
14183,6
14186,6
14187,17
14189,6
14190,0
14191,6
14192,6
14193,6
14194,6
14195,6
14197,6
14198,6
14199,6
14200,14
14201,6
14202,6
14203,6
14204,6
14205,6
14206,6
14207,0
14208,19
14209,6
14210,8
14211,6
14212,17
14213,6
14215,6
14216,6
14217,6
14219,6
14220,19
14221,17
14224,6
14225,6
14226,17
14227,6
14228,6
14229,6
14230,6
14231,17
14233,17
14235,4
14236,6
14237,6
14238,0
14239,6
14240,6
14241,0
14243,8
14244,23
14247,6
14248,17
14249,6
14252,6
14253,4
14254,6
14255,19
14256,4
14257,6
14258,22
14260,17
14263,6
14264,6
14265,17
14266,6
14268,17
14269,6
14271,6
14272,19
14274,0
14275,6
14276,6
14277,6
14278,6
14279,3
14281,6
14282,6
14283,17
14284,23
14285,3
14286,6
14290,6
14291,6
14292,6
14293,6
14294,6
14295,6
14296,6
14298,8
14299,8
14301,6
14302,6
14303,6
14304,6
14306,6
14307,6
14308,19
14309,6
14310,6
14311,19
14312,6
14314,6
14315,19
14316,6
14318,17
14319,6
14320,25
14321,6
14322,6
14324,6
14325,19
14326,17
14327,6
14328,6
14329,8
14330,14
14332,6
14334,6
14338,25
14339,6
14341,6
14342,6
14343,6
14344,8
14346,6
14347,1
14350,6
14353,6
14355,6
14358,6
14361,26
14363,6
14365,6
14366,3
14369,23
14370,17
14372,17
14374,25
14375,17
14376,0
14378,14
14379,6
14380,0
14381,17
14382,6
14384,4
14388,6
14389,6
14390,6
14391,26
14392,6
14394,19
14395,8
14396,6
14398,6
14399,6
14400,6
14401,6
14402,23
14403,26
14404,6
14405,6
14408,17
14409,6
14410,6
14412,6
14413,6
14414,6
14415,8
14417,6
14419,6
14420,6
14421,3
14422,8
14423,6
14425,6
14426,6
14427,4
14429,6
14430,4
14431,6
14433,17
14435,4
14436,19
14437,6
14439,17
14440,6
14441,6
14442,6
14443,6
14444,17
14445,17
14446,6
14447,6
14449,8
14450,6
14451,6
14452,6
14454,6
14455,6
14458,6
14459,23
14460,6
14461,8
14462,6
14463,4
14464,19
14465,6
14466,6
14467,6
14468,1
14469,6
14470,6
14471,26
14472,0
14474,26
14475,6
14477,6
14478,6
14479,6
14480,6
14481,6
14482,6
14483,1
14484,6
14486,4
14487,6
14489,6
14490,6
14491,6
14492,6
14493,6
14494,6
14495,23
14496,6
14497,0
14498,6
14499,6
14505,8
14506,6
14507,6
14508,6
14509,25
14510,6
14512,6
14513,6
14514,6
14515,6
14516,3
14519,0
14521,4
14522,26
14524,6
14525,6
14526,6
14527,31
14530,6
14531,11
14532,6
14533,6
14534,6
14535,6
14537,14
14538,25
14540,6
14541,6
14543,6
14544,17
14545,0
14546,8
14548,4
14549,6
14550,6
14551,6
14552,6
14553,6
14555,6
14556,26
14558,23
14559,6
14560,6
14562,6
14563,4
14564,6
14565,17
14566,6
14568,6
14569,17
14570,17
14571,6
14572,6
14573,6
14574,1
14575,4
14576,6
14577,6
14579,6
14580,3
14581,25
14583,6
14584,6
14585,6
14588,26
14589,6
14590,6
14593,6
14594,6
14595,17
14596,14
14597,6
14598,19
14599,6
14600,6
14602,23
14604,23
14605,6
14606,16
14607,17
14608,6
14609,6
14610,6
14611,17
14612,6
14613,0
14614,6
14615,6
14616,6
14617,6
14618,6
14619,25
14621,4
14623,6
14624,6
14625,6
14626,6
14627,6
14628,17
14630,4
14631,6
14634,6
14635,17
14637,0
14639,6
14640,6
14643,14
14644,6
14645,23
14646,30
14647,3
14648,6
14649,6
14650,26
14651,6
14653,3
14654,1
14655,6
14656,6
14657,6
14662,6
14663,6
14665,6
14667,8
14668,17
14669,23
14670,1
14671,25
14672,3
14673,6
14674,4
14675,6
14676,6
14677,26
14678,26
14679,6
14680,8
14681,6
14682,6
14683,26
14684,6
14685,26
14686,6
14687,6
14688,6
14690,6
14692,6
14693,6
14694,14
14695,3
14696,6
14699,6
14700,6
14701,6
14702,8
14704,6
14706,14
14707,6
14708,6
14709,6
14710,6
14712,6
14713,8
14714,6
14715,17
14716,17
14717,1
14718,6
14721,6
14722,17
14723,6
14724,26
14725,6
14726,23
14727,25
14728,6
14729,6
14732,6
14733,8
14734,6
14735,6
14736,4
14737,6
14738,19
14739,8
14740,6
14741,6
14742,6
14743,26
14744,6
14745,4
14746,6
14748,6
14749,11
14750,1
14751,0
14753,17
14754,6
14755,6
14756,6
14758,6
14761,17
14762,14
14766,8
14767,17
14769,6
14770,17
14771,14
14773,26
14774,3
14775,6
14776,6
14777,6
14783,23
14784,6
14786,19
14787,17
14788,26
14790,6
14791,14
14793,25
14794,6
14796,8
14797,4
14798,6
14799,1
14800,8
14802,6
14805,6
14806,6
14807,6
14809,14
14810,6
14811,6
14812,26
14813,6
14814,26
14817,6
14818,17
14819,4
14820,6
14821,6
14822,4
14824,6
14825,8
14826,26
14828,6
14829,6
14831,0
14832,14
14833,4
14834,6
14835,3
14837,6
14838,6
14839,6
14840,25
14841,6
14843,6
14844,6
14845,26
14846,6
14847,6
14848,6
14849,8
14850,6
14851,14
14852,6
14853,6
14854,6
14855,17
14857,6
14858,4
14859,19
14861,6
14865,6
14866,22
14867,6
14868,6
14869,6
14870,6
14871,4
14872,4
14873,23
14874,25
14875,6
14876,3
14877,6
14878,8
14879,0
14882,6
14884,0
14885,6
14890,14
14891,6
14892,0
14893,14
14894,17
14895,8
14896,8
14897,6
14898,8
14899,6
14900,3
14901,6
14902,6
14904,6
14905,6
14906,17
14907,6
14908,17
14909,6
14911,13
14912,6
14913,6
14915,6
14916,6
14917,26
14918,6
14919,25
14920,19
14922,6
14924,14
14926,6
14927,6
14928,14
14929,6
14930,17
14932,6
14933,17
14934,6
14935,14
14936,6
14938,19
14940,6
14941,26
14942,6
14943,0
14944,6
14945,6
14947,6
14949,17
14952,6
14953,6
14954,1
14955,1
14956,6
14957,23
14958,26
14961,8
14962,25
14963,6
14966,6
14967,6
14968,17
14969,1
14970,6
14972,6
14975,6
14977,1
14978,6
14979,1
14980,1
14981,6
14982,19
14983,0
14984,6
14986,6
14987,6
14988,6
14989,0
14990,14
14991,6
14992,17
14993,19
14994,6
14996,11
14997,23
14998,6
14999,26
15001,6
15002,8
15003,17
15005,8
15006,17
15008,11
15011,6
15012,6
15013,4
15015,18
15016,6
15018,6
15020,6
15021,8
15022,0
15023,8
15024,8
15025,19
15026,6
15027,6
15028,6
15029,14
15030,6
15031,6
15032,6
15034,6
15037,6
15038,6
15039,8
15040,25
15041,17
15042,26
15043,17
15044,8
15046,6
15048,6
15050,6
15051,6
15055,17
15056,3
15057,17
15058,6
15059,8
15061,7
15062,6
15064,6
15065,6
15067,6
15068,6
15070,6
15071,6
15072,11
15073,6
15074,6
15076,4
15077,4
15078,8
15079,6
15080,6
15081,6
15082,0
15084,6
15085,1
15086,19
15091,0
15092,17
15093,8
15094,17
15095,6
15097,26
15100,6
15101,3
15102,25
15105,6
15107,6
15109,26
15110,6
15111,6
15112,14
15114,6
15115,1
15117,17
15122,6
15123,6
15124,11
15125,12
15126,25
15127,3
15128,6
15129,6
15131,6
15133,6
15134,6
15135,19
15137,3
15138,6
15140,17
15141,17
15142,6
15143,6
15144,6
15149,26
15150,17
15151,6
15152,1
15154,17
15155,6
15157,19
15158,6
15159,6
15160,6
15161,6
15162,1
15164,6
15165,6
15166,17
15167,6
15169,6
15170,6
15173,6
15174,6
15176,0
15177,6
15179,6
15180,6
15181,6
15182,6
15183,25
15184,6
15186,17
15188,1
15189,6
15190,6
15191,17
15192,6
15194,8
15196,6
15197,6
15198,6
15199,6
15200,4
15201,6
15202,6
15203,6
15207,6
15208,6
15209,1
15210,6
15211,6
15212,6
15215,6
15216,14
15217,19
15218,6
15219,23
15221,6
15222,17
15223,14
15224,4
15227,6
15228,6
15229,26
15231,14
15233,6
15235,6
15240,6
15241,6
15242,6
15243,6
15244,0
15245,6
15246,19
15247,11
15248,6
15249,6
15250,23
15251,6
15252,6
15253,6
15254,25
15255,6
15256,19
15257,6
15259,3
15260,8
15261,6
15262,6
15264,25
15265,14
15266,6
15268,11
15269,6
15270,6
15271,8
15272,17
15273,26
15276,6
15277,6
15278,19
15279,6
15280,4
15281,6
15282,19
15283,6
15284,4
15285,6
15287,6
15288,6
15289,17
15290,6
15291,22
15293,0
15294,6
15295,23
15296,6
15298,8
15299,6
15301,6
15302,1
15303,19
15304,6
15305,19
15306,4
15309,14
15310,11
15311,20
15312,6
15314,6
15317,0
15321,6
15322,17
15323,19
15324,0
15325,6
15326,14
15328,6
15329,6
15331,4
15332,6
15336,6
15337,6
15338,0
15339,6
15340,19
15341,17
15346,6
15347,6
15350,6
15351,6
15352,19
15353,8
15354,14
15356,6
15358,8
15359,0
15361,3
15362,17
15363,6
15365,6
15366,6
15367,6
15368,6
15369,4
15370,6
15371,0
15372,17
15373,6
15374,14
15375,0
15377,6
15378,17
15379,6
15380,6
15381,6
15382,8
15384,6
15385,6
15387,4
15389,6
15390,6
15391,26
15392,6
15393,19
15394,6
15396,26
15400,6
15401,17
15402,6
15403,4
15404,6
15405,26
15406,17
15409,1
15410,19
15413,0
15416,11
15418,6
15420,6
15421,6
15422,6
15423,26
15424,17
15425,6
15426,6
15428,6
15430,17
15431,4
15432,25
15434,6
15437,23
15439,6
15441,6
15443,12
15445,26
15446,6
15447,3
15448,0
15451,6
15452,6
15454,14
15455,26
15456,6
15458,6
15459,6
15461,17
15462,17
15465,8
15466,6
15468,6
15469,6
15470,26
15471,6
15473,17
15474,26
15476,6
15477,23
15478,26
15479,1
15480,17
15481,6
15482,6
15483,6
15484,25
15485,6
15486,3
15487,0
15488,17
15489,6
15490,6
15493,6
15494,12
15495,6
15496,23
15497,6
15498,8
15499,1
15501,6
15502,6
15503,1
15504,3
15506,6
15509,6
15512,6
15513,8
15514,6
15515,6
15518,6
15519,6
15521,6
15523,6
15524,14
15525,6
15527,6
15529,6
15530,4
15532,8
15534,1
15535,6
15536,6
15538,25
15540,6
15542,3
15543,17
15544,6
15545,6
15546,14
15547,8
15548,26
15549,6
15550,6
15551,6
15552,14
15555,8
15558,23
15559,19
15560,6
15561,6
15562,6
15563,3
15564,17
15566,6
15569,6
15570,8
15571,8
15572,6
15573,14
15574,6
15575,14
15577,1
15579,6
15580,6
15581,8
15583,6
15584,6
15586,26
15587,6
15588,0
15590,6
15591,26
15595,4
15596,6
15597,26
15598,6
15599,17
15600,6
15601,8
15602,6
15603,23
15605,6
15606,6
15607,25
15608,6
15611,6
15613,14
15614,6
15615,8
15616,6
15617,6
15620,6
15622,6
15623,6
15625,6
15626,6
15627,17
15628,8
15629,17
15630,23
15631,23
15633,3
15634,6
15635,6
15636,6
15637,6
15638,6
15639,17
15640,8
15641,6
15642,1
15645,6
15646,6
15647,6
15649,6
15650,3
15651,6
15652,6
15658,6
15659,6
15660,6
15661,6
15662,0
15664,17
15665,6
15666,17
15670,19
15672,1
15673,17
15674,6
15675,6
15677,6
15678,6
15680,8
15681,6
15682,26
15683,17
15684,19
15685,17
15686,6
15688,6
15689,14
15691,6
15693,23
15694,6
15695,26
15696,6
15697,0
15698,14
15702,11
15704,4
15708,6
15709,26
15710,6
15711,19
15712,6
15713,6
15714,17
15715,19
15716,8
15717,6
15718,25
15719,8
15720,19
15722,17
15723,6
15724,6
15726,6
15727,6
15728,6
15729,6
15730,6
15731,19
15732,6
15734,6
15735,6
15736,6
15738,8
15741,17
15742,14
15747,6
15748,17
15750,8
15751,17
15752,6
15754,4
15755,6
15757,6
15759,4
15760,24
15761,17
15764,6
15765,0
15766,17
15768,9
15769,22
15770,14
15771,14
15772,6
15773,6
15774,6
15775,23
15777,6
15778,6
15779,17
15782,6
15784,17
15785,6
15786,6
15788,4
15789,6
15791,3
15792,6
15793,6
15794,1
15795,6
15796,6
15797,26
15798,4
15799,6
15800,17
15803,17
15805,6
15807,6
15808,8
15809,17
15810,6
15811,6
15812,6
15814,6
15816,25
15817,6
15818,26
15819,6
15822,4
15823,6
15824,17
15826,19
15827,6
15828,6
15833,1
15834,6
15837,4
15838,22
15841,6
15842,6
15845,25
15846,6
15847,6
15848,14
15850,6
15851,3
15852,3
15854,6
15855,11
15856,8
15857,6
15858,8
15859,6
15860,8
15861,17
15862,8
15863,14
15864,6
15865,6
15867,8
15868,26
15869,14
15870,6
15871,6
15872,6
15873,4
15874,6
15875,23
15876,6
15878,19
15879,6
15880,6
15882,6
15884,6
15885,6
15886,6
15887,6
15888,6
15889,8
15890,6
15892,0
15893,11
15894,6
15898,8
15899,6
15900,6
15901,17
15902,6
15903,6
15905,25
15906,6
15908,4
15910,6
15911,14
15912,6
15913,25
15914,6
15915,6
15916,8
15917,14
15918,23
15919,6
15920,6
15921,6
15922,6
15923,6
15924,1
15926,25
15927,23
15928,23
15929,23
15931,6
15934,6
15936,6
15938,17
15939,6
15941,23
15943,23
15944,6
15945,6
15946,4
15948,6
15950,8
15951,6
15953,6
15954,26
15955,6
15956,19
15957,6
15958,6
15959,0
15960,6
15961,6
15962,17
15964,0
15965,8
15966,17
15967,8
15968,6
15969,6
15970,26
15971,6
15972,17
15973,6
15976,6
15978,6
15979,14
15980,4
15981,6
15982,14
15983,8
15984,8
15985,6
15986,6
15987,6
15988,25
15989,6
15990,4
15991,25
15992,6
15994,6
15995,6
15996,6
15998,8
15999,1
16001,6
16002,14
16003,6
16004,17
16005,8
16006,6
16007,6
16008,6
16010,6
16011,8
16012,6
16013,22
16014,6
16016,6
16017,6
16018,6
16019,8
16021,6
16024,6
16027,17
16028,26
16029,22
16032,17
16033,8
16034,6
16035,19
16036,6
16037,25
16039,6
16040,6
16042,6
16043,6
16044,6
16045,6
16046,19
16047,0
16048,6
16049,6
16050,6
16051,0
16053,6
16054,6
16057,3
16058,6
16059,8
16060,6
16061,6
16062,6
16064,1
16065,8
16067,19
16068,26
16069,6
16071,3
16072,6
16074,6
16075,4
16077,14
16078,0
16080,6
16081,8
16082,0
16083,6
16085,6
16086,6
16087,6
16088,26
16089,6
16090,14
16092,4
16094,6
16095,17
16096,6
16098,6
16099,6
16100,17
16101,6
16103,6
16104,6
16105,6
16108,6
16109,0
16110,3
16111,6
16115,6
16117,6
16118,23
16119,6
16120,6
16121,6
16122,6
16124,6
16125,8
16126,8
16127,1
16128,6
16129,6
16130,6
16131,6
16132,25
16133,8
16134,6
16135,26
16136,0
16137,0
16138,6
16139,1
16140,6
16141,6
16143,6
16145,6
16146,17
16147,6
16148,6
16149,6
16150,6
16153,6
16155,6
16156,6
16158,3
16159,17
16161,8
16163,6
16165,4
16166,6
16167,6
16168,8
16170,6
16172,17
16174,4
16175,17
16176,6
16177,6
16178,6
16180,12
16182,6
16183,6
16185,19
16186,8
16188,6
16190,6
16191,6
16192,1
16193,6
16194,6
16195,1
16196,4
16197,17
16198,6
16199,6
16200,8
16201,6
16202,6
16203,6
16204,6
16205,6
16206,6
16208,6
16209,6
16210,22
16211,6
16212,14
16214,6
16218,6
16219,4
16221,8
16222,1
16223,6
16224,6
16225,6
16226,6
16227,4
16228,6
16229,6
16231,6
16232,6
16233,6
16234,11
16235,6
16237,6
16238,6
16239,6
16241,8
16242,8
16244,6
16246,17
16250,6
16251,4
16252,6
16253,6
16254,6
16255,8
16256,4
16258,6
16259,6
16261,6
16262,6
16263,6
16264,6
16265,6
16266,6
16267,26
16269,6
16271,17
16273,23
16274,6
16275,17
16276,11
16277,1
16278,11
16279,6
16280,1
16281,6
16282,4
16283,6
16284,6
16285,23
16286,11
16287,6
16288,17
16289,17
16290,17
16291,0
16292,6
16293,6
16294,11
16296,14
16298,6
16299,11
16300,6
16301,1
16303,6
16304,0
16306,6
16307,6
16308,6
16310,6
16312,6
16314,6
16315,25
16316,6
16317,25
16320,17
16321,14
16323,26
16325,6
16326,6
16327,8
16328,19
16329,6
16330,6
16331,6
16332,6
16334,4
16335,25
16336,6
16340,6
16341,6
16343,6
16344,4
16345,4
16346,6
16347,6
16348,6
16350,6
16351,6
16353,6
16354,6
16355,6
16356,6
16357,6
16358,6
16359,6
16362,6
16365,6
16366,26
16367,6
16368,6
16369,6
16371,17
16372,6
16373,6
16374,6
16375,17
16377,14
16381,6
16382,6
16383,6
16384,6
16385,6
16386,6
16387,6
16388,23
16390,25
16391,6
16392,6
16393,8
16395,6
16396,11
16397,14
16399,6
16400,6
16401,6
16402,6
16406,17
16407,6
16408,26
16409,8
16410,1
16411,6
16412,6
16413,6
16414,6
16415,26
16416,6
16417,4
16418,6
16419,26
16420,6
16421,6
16422,29
16424,6
16428,6
16430,6
16433,6
16434,17
16435,3
16436,0
16437,6
16439,1
16440,4
16441,6
16442,14
16443,3
16444,6
16445,6
16447,26
16448,17
16450,26
16451,19
16452,14
16453,25
16454,14
16455,6
16456,8
16458,6
16459,1
16461,26
16465,6
16466,6
16467,4
16468,17
16469,3
16470,6
16471,6
16472,6
16473,6
16476,6
16477,6
16481,0
16485,6
16486,25
16487,26
16489,6
16490,6
16491,6
16492,25
16493,17
16496,6
16497,6
16499,6
16500,6
16501,6
16502,14
16503,6
16507,19
16508,14
16510,6
16511,6
16515,6
16518,6
16519,6
16520,8
16521,6
16522,6
16523,6
16524,17
16525,8
16526,26
16527,6
16529,17
16530,0
16531,6
16532,6
16534,23
16535,6
16537,23
16538,25
16539,6
16540,6
16541,1
16542,6
16543,26
16544,3
16545,6
16546,6
16547,25
16548,26
16549,33
16550,8
16551,6
16552,6
16553,6
16554,6
16555,4
16556,8
16558,8
16559,6
16560,6
16562,17
16563,6
16564,19
16565,6
16568,6
16569,23
16570,6
16571,6
16574,6
16576,6
16577,0
16578,14
16579,6
16583,6
16584,6
16585,26
16586,17
16588,6
16589,17
16590,6
16592,6
16593,6
16595,6
16596,6
16599,6
16600,6
16601,6
16602,6
16604,19
16605,1
16606,6
16607,6
16608,17
16611,6
16612,6
16614,6
16615,14
16619,6
16620,6
16622,25
16623,6
16625,6
16628,6
16630,6
16631,4
16632,4
16634,6
16635,6
16636,6
16638,6
16639,6
16640,6
16641,1
16642,6
16643,6
16645,1
16646,17
16647,17
16648,17
16649,3
16650,6
16651,26
16652,6
16654,6
16655,6
16656,6
16658,6
16660,6
16661,25
16662,6
16663,1
16664,19
16666,14
16668,6
16670,6
16673,0
16675,17
16676,6
16677,6
16679,6
16680,3
16681,23
16683,25
16684,7
16686,6
16687,6
16690,6
16691,6
16692,6
16693,6
16694,1
16695,19
16699,6
16700,8
16701,6
16702,6
16704,14
16705,22
16707,6
16709,6
16710,8
16711,6
16712,6
16713,8
16714,0
16715,19
16716,14
16717,8
16718,8
16719,8
16720,6
16722,6
16723,17
16724,6
16725,6
16726,6
16727,6
16731,23
16732,6
16733,3
16735,6
16736,4
16737,26
16739,25
16740,6
16741,14
16742,4
16743,17
16746,8
16748,6
16749,26
16752,6
16754,22
16755,17
16756,6
16757,6
16760,6
16763,1
16765,6
16767,6
16768,6
16769,17
16770,6
16771,17
16772,6
16773,6
16774,6
16775,6
16776,6
16777,6
16779,8
16780,6
16781,6
16782,8
16783,6
16784,6
16785,6
16786,6
16787,6
16788,6
16791,6
16792,6
16794,6
16795,8
16797,6
16798,25
16799,6
16802,0
16805,26
16807,17
16809,6
16810,6
16812,6
16814,8
16815,17
16817,6
16819,17
16821,6
16822,0
16823,6
16824,6
16825,6
16827,6
16829,6
16830,17
16831,19
16832,6
16833,6
16834,0
16835,6
16836,6
16838,25
16839,6
16840,14
16841,6
16843,6
16844,19
16845,14
16846,26
16847,14
16848,6
16854,6
16856,6
16857,17
16858,8
16859,6
16860,17
16861,6
16862,25
16863,6
16864,6
16865,6
16867,0
16868,6
16870,17
16872,6
16873,6
16874,6
16875,6
16876,6
16880,4
16883,8
16884,19
16885,6
16886,17
16887,6
16888,6
16889,6
16890,11
16891,8
16892,19
16893,6
16894,4
16895,6
16896,19
16898,6
16899,6
16901,1
16903,6
16904,8
16905,6
16906,6
16907,6
16908,1
16911,23
16912,6
16913,23
16915,6
16916,6
16917,23
16918,6
16919,8
16920,6
16921,17
16922,19
16923,8
16925,25
16926,6
16928,6
16931,6
16932,6
16933,6
16934,6
16935,6
16936,6
16937,4
16938,8
16939,4
16940,17
16941,14
16943,25
16944,14
16945,6
16946,6
16947,17
16948,6
16950,6
16952,6
16954,6
16955,6
16958,6
16960,6
16961,6
16962,6
16964,1
16970,14
16972,6
16973,6
16974,3
16975,6
16977,6
16978,0
16979,6
16980,6
16983,6
16984,6
16985,6
16986,17
16987,6
16988,6
16990,6
16991,6
16992,6
16993,17
16996,6
16998,17
17000,6
17001,6
17002,17
17003,6
17004,6
17005,17
17006,6
17007,6
17008,6
17009,19
17011,23
17012,1
17016,26
17017,8
17018,6
17019,8
17020,25
17021,17
17022,6
17023,6
17025,6
17026,6
17027,17
17028,26
17029,6
17031,6
17032,25
17033,6
17034,6
17035,26
17036,6
17038,6
17039,14
17040,19
17041,6
17043,6
17044,6
17045,6
17046,17
17047,6
17048,6
17049,6
17050,6
17051,17
17055,17
17056,1
17057,26
17059,8
17062,6
17063,6
17065,23
17066,1
17067,1
17068,8
17069,6
17070,6
17071,6
17072,14
17074,19
17075,6
17076,6
17077,26
17080,6
17081,6
17082,6
17083,6
17084,6
17085,8
17087,1
17089,6
17090,6
17091,8
17092,6
17093,26
17094,6
17095,6
17096,6
17097,6
17098,6
17099,25
17101,6
17103,1
17104,6
17106,6
17107,6
17108,0
17109,6
17110,3
17111,6
17112,4
17113,26
17115,25
17116,23
17121,6
17122,6
17123,6
17126,6
17127,6
17129,3
17132,17
17133,11
17134,17
17135,6
17136,0
17137,6
17138,6
17139,6
17141,6
17142,6
17143,6
17145,3
17146,6
17147,17
17149,17
17150,6
17151,1
17152,6
17155,3
17156,4
17157,12
17158,25
17159,11
17160,8
17161,17
17163,17
17165,6
17167,6
17168,4
17169,26
17170,6
17171,0
17172,6
17176,3
17177,4
17178,1
17179,6
17180,6
17181,6
17182,6
17184,19
17185,26
17187,3
17188,17
17189,19
17190,6
17191,8
17192,25
17193,6
17194,25
17195,23
17196,6
17198,6
17199,26
17200,6
17201,3
17202,6
17203,6
17204,6
17205,6
17207,23
17208,6
17209,23
17210,6
17211,6
17212,17
17213,8
17215,17
17216,19
17217,14
17218,8
17219,6
17220,6
17221,26
17222,17
17223,6
17224,4
17225,26
17226,17
17227,6
17228,6
17230,19
17231,8
17233,17
17235,6
17236,6
17237,6
17238,8
17239,6
17240,26
17241,6
17242,17
17243,8
17244,6
17245,0
17246,19
17248,11
17249,6
17251,6
17254,6
17255,6
17256,11
17257,6
17258,6
17259,8
17260,6
17261,4
17262,6
17264,6
17266,4
17268,17
17269,6
17270,17
17271,1
17273,6
17274,6
17275,6
17276,6
17278,19
17280,6
17281,6
17282,17
17283,6
17284,6
17285,14
17286,6
17287,8
17288,6
17289,6
17290,6
17292,17
17293,6
17294,0
17296,1
17298,6
17299,6
17300,6
17301,14
17304,25
17305,23
17306,6
17307,6
17308,6
17309,6
17310,6
17311,6
17314,6
17315,6
17316,6
17318,1
17319,0
17320,6
17321,6
17322,6
17323,6
17324,6
17325,6
17326,6
17327,6
17328,0
17329,1
17330,25
17332,3
17334,6
17335,6
17336,17
17338,8
17339,6
17340,8
17341,6
17342,6
17343,6
17344,1
17345,6
17346,8
17348,6
17349,6
17350,6
17351,6
17352,0
17353,4
17354,6
17355,6
17356,19
17358,6
17359,23
17360,6
17361,0
17362,6
17363,6
17364,8
17365,6
17366,6
17368,6
17369,17
17371,14
17372,8
17373,6
17374,6
17375,6
17376,6
17377,8
17378,6
17380,6
17381,22
17382,6
17383,17
17384,17
17386,6
17388,6
17389,22
17390,6
17392,17
17393,6
17395,4
17396,6
17397,6
17400,26
17401,25
17402,6
17403,17
17404,6
17406,8
17407,6
17408,4
17409,6
17411,6
17412,6
17413,6
17414,6
17416,6
17417,19
17418,6
17419,6
17420,6
17421,6
17422,6
17423,6
17426,17
17428,8
17429,6
17430,6
17432,6
17433,6
17435,6
17436,6
17437,3
17438,17
17439,23
17440,19
17441,1
17442,6
17448,5
17449,6
17450,22
17454,17
17456,6
17457,6
17458,6
17460,6
17463,19
17464,3
17465,6
17467,6
17468,6
17469,6
17470,6
17471,17
17472,14
17473,6
17474,26
17476,6
17477,14
17478,6
17479,23
17480,17
17482,4
17483,6
17484,26
17487,1
17488,23
17490,6
17491,6
17492,11
17493,6
17494,4
17495,6
17496,19
17497,6
17499,19
17504,6
17505,19
17508,6
17510,6
17511,29
17512,17
17513,6
17514,0
17515,6
17516,6
17518,6
17519,8
17521,6
17524,6
17525,6
17526,6
17529,14
17530,6
17531,3
17532,6
17533,6
17534,17
17536,6
17539,14
17540,6
17541,4
17542,23
17543,19
17544,6
17545,6
17547,6
17548,6
17550,6
17552,6
17553,11
17555,6
17556,6
17557,1
17558,6
17559,4
17560,6
17561,6
17563,26
17565,26
17567,6
17568,23
17570,6
17571,25
17572,6
17575,0
17576,8
17577,23
17578,17
17579,26
17580,6
17581,8
17582,17
17583,19
17584,17
17585,17
17586,14
17587,14
17588,6
17589,8
17591,6
17592,1
17593,6
17594,17
17596,8
17597,6
17598,6
17599,11
17601,6
17602,12
17603,14
17604,6
17605,26
17606,1
17607,6
17608,17
17609,6
17610,25
17611,6
17612,6
17615,6
17616,6
17617,19
17618,6
17621,6
17622,26
17623,6
17624,6
17625,17
17626,14
17627,11
17629,6
17631,6
17633,6
17635,6
17638,23
17639,6
17640,6
17642,6
17643,6
17644,6
17646,8
17647,0
17648,6
17649,17
17651,4
17655,6
17657,6
17659,6
17660,1
17662,0
17663,6
17664,17
17665,4
17666,11
17667,6
17669,17
17671,6
17672,6
17673,8
17674,6
17675,8
17676,6
17677,8
17678,14
17679,3
17680,6
17681,26
17682,6
17683,6
17685,6
17686,6
17687,6
17688,6
17689,6
17690,6
17691,6
17692,6
17694,4
17695,6
17696,6
17699,11
17700,6
17702,6
17703,6
17705,17
17706,8
17707,6
17708,6
17709,17
17710,6
17713,6
17714,6
17715,26
17716,6
17717,6
17718,23
17720,6
17721,23
17722,6
17723,6
17726,6
17728,6
17729,26
17730,6
17731,14
17732,6
17734,3
17735,8
17738,6
17739,6
17740,6
17741,6
17742,6
17743,17
17744,6
17745,11
17746,17
17748,3
17749,25
17751,6
17753,17
17754,6
17756,6
17757,8
17758,6
17759,6
17760,6
17762,17
17763,23
17764,6
17765,17
17766,6
17767,6
17768,6
17769,6
17771,6
17772,6
17773,3
17774,6
17776,6
17778,0
17780,0
17782,6
17783,4
17784,19
17785,17
17787,6
17789,0
17790,6
17792,17
17794,0
17796,6
17797,6
17798,26
17799,8
17801,17
17802,8
17803,6
17804,6
17805,14
17807,6
17808,25
17809,6
17810,0
17811,8
17812,6
17814,6
17815,6
17816,6
17817,6
17818,1
17819,6
17820,6
17821,6
17822,6
17823,6
17825,26
17826,6
17827,14
17829,6
17833,1
17834,6
17838,8
17840,17
17841,10
17842,14
17843,6
17845,19
17847,3
17848,6
17849,11
17850,28
17851,6
17852,6
17853,6
17854,17
17855,6
17857,6
17858,8
17860,6
17861,6
17862,6
17863,6
17864,6
17865,8
17866,4
17867,6
17868,6
17869,6
17870,6
17871,6
17872,6
17873,6
17875,0
17876,6
17878,6
17880,23
17882,6
17883,25
17884,8
17886,6
17888,6
17889,6
17894,8
17897,8
17898,17
17901,3
17902,25
17903,6
17905,6
17907,23
17908,6
17909,1
17910,1
17912,6
17913,6
17915,19
17916,14
17918,4
17919,6
17920,8
17921,6
17922,25
17923,3
17924,6
17925,6
17926,17
17927,1
17928,19
17929,6
17930,6
17931,6
17933,23
17934,6
17935,6
17938,6
17940,27
17941,26
17944,6
17945,0
17949,2
17950,6
17951,6
17952,6
17953,25
17954,8
17955,23
17958,1
17959,26
17960,3
17961,8
17962,25
17963,17
17964,6
17965,8
17966,26
17967,6
17968,6
17969,4
17971,19
17974,6
17975,8
17976,6
17977,6
17978,6
17980,6
17981,6
17982,0
17983,6
17984,6
17987,6
17988,4
17989,6
17990,6
17991,26
17992,6
17993,14
17994,6
17995,6
17996,6
17998,6
17999,6
18000,19
18001,17
18002,6
18003,6
18006,6
18007,6
18008,6
18009,25
18011,6
18012,1
18016,6
18017,6
18018,6
18020,25
18021,4
18022,6
18025,6
18026,4
18028,26
18029,23
18031,6
18034,6
18035,6
18036,6
18037,6
18038,19
18039,6
18041,8
18042,25
18043,6
18044,6
18046,23
18047,6
18048,4
18049,6
18050,6
18051,23
18052,19
18053,3
18054,6
18055,8
18056,14
18057,6
18058,25
18060,6
18061,6
18062,6
18063,6
18064,17
18065,6
18066,6
18069,8
18070,0
18071,6
18074,6
18075,6
18076,6
18077,8
18078,6
18079,4
18083,6
18084,6
18085,6
18087,6
18089,17
18090,6
18091,26
18092,22
18093,17
18094,17
18095,6
18096,6
18097,6
18098,6
18100,19
18101,6
18102,21
18103,19
18106,17
18107,17
18108,26
18109,8
18110,6
18111,26
18112,6
18113,6
18115,0
18116,6
18118,6
18119,6
18123,3
18124,17
18127,6
18128,25
18131,23
18132,4
18134,26
18135,6
18136,6
18137,19
18140,17
18141,6
18144,6
18145,6
18148,23
18149,6
18151,6
18152,23
18153,23
18154,6
18156,6
18157,19
18160,6
18161,6
18162,1
18163,26
18166,14
18168,8
18170,6
18171,17
18172,6
18173,14
18174,14
18175,0
18177,19
18178,6
18179,3
18181,6
18182,17
18186,1
18187,23
18188,6
18189,14
18190,14
18191,11
18193,6
18194,6
18195,6
18196,17
18197,26
18199,0
18201,1
18203,6
18206,19
18207,4
18208,19
18210,6
18212,0
18214,25
18215,6
18217,4
18218,26
18219,6
18220,6
18221,6
18223,6
18225,8
18226,8
18227,11
18229,6
18230,6
18231,6
18234,19
18236,6
18238,3
18239,6
18241,6
18242,17
18243,6
18244,6
18245,6
18246,14
18247,6
18251,27
18252,25
18253,23
18254,26
18255,17
18256,6
18257,17
18258,17
18259,6
18260,8
18262,6
18264,4
18266,6
18267,0
18268,26
18269,6
18270,6
18271,14
18272,25
18273,26
18275,26
18276,6
18277,6
18278,6
18279,3
18280,6
18281,26
18283,6
18284,6
18285,0
18286,17
18287,6
